Runtime, Number of samples, Total Current, Average Current, Variance, Standard Deviation
150481.07,15048108,59047315.30280053,3.9239029453271153,2.2087347954838843,1.48618127948238
